job_title,required_skills,required_education,experience_level,job_description
Data Analyst,"SQL, Python, Excel, Tableau, Power BI, Statistics, Data Visualization, Pandas",Bachelor's in Computer Science or Statistics or Related Field,0-2 years,"We are looking for a Data Analyst to interpret data and turn it into information which can offer ways to improve a business. The role includes mining and analyzing large datasets, creating visualizations and dashboards using Tableau or Power BI, writing SQL queries to extract and transform data, performing statistical analysis to identify trends, and preparing reports for stakeholders. Strong analytical thinking and problem-solving skills are required."
Data Scientist,"Python, R, Machine Learning, Statistics, SQL, TensorFlow, Pandas, NumPy, Data Visualization, Deep Learning",Master's in Data Science or Computer Science or Statistics,1-3 years,"We are seeking a Data Scientist to analyze large amounts of raw information to find patterns and use them to optimize business processes. Responsibilities include developing machine learning models, performing statistical analysis on large datasets, building predictive models using Python and R, creating data pipelines, and communicating insights to non-technical stakeholders. Experience with TensorFlow or PyTorch is a plus."
Machine Learning Engineer,"Python, TensorFlow, PyTorch, Scikit-learn, Machine Learning, Deep Learning, MLOps, Docker, AWS, SQL",Master's in Computer Science or AI or Related Field,2-4 years,"We are hiring a Machine Learning Engineer to design and implement ML models for production systems. The role involves building scalable ML pipelines, training and deploying models using TensorFlow and PyTorch, implementing MLOps practices, optimizing model performance, and collaborating with data scientists and software engineers. Experience with cloud platforms like AWS or GCP and containerization tools like Docker is required."
NLP Engineer,"Python, NLP, NLTK, spaCy, Transformers, Machine Learning, Deep Learning, TensorFlow, Text Mining, Linguistics",Master's in Computer Science or Computational Linguistics,2-4 years,"We are looking for an NLP Engineer to develop and implement natural language processing solutions. Responsibilities include building text classification and named entity recognition systems, developing chatbots and language models, working with transformer architectures, preprocessing and analyzing text data, and staying current with NLP research. Strong programming skills in Python and experience with NLP libraries like NLTK and spaCy are essential."
AI Engineer,"Python, Machine Learning, Deep Learning, TensorFlow, PyTorch, Computer Vision, NLP, Cloud Computing, Docker, Kubernetes",Master's or PhD in AI or Computer Science,2-5 years,"We are seeking an AI Engineer to design and build AI-powered solutions. The role includes developing deep learning models for computer vision and NLP tasks, deploying AI models to production using cloud services, optimizing model performance and scalability, conducting AI research and prototyping, and collaborating with cross-functional teams. Experience with both TensorFlow and PyTorch is required."
Python Developer,"Python, Django, Flask, REST APIs, SQL, Git, HTML, CSS, JavaScript, PostgreSQL",Bachelor's in Computer Science or Related Field,1-3 years,"We are hiring a Python Developer to build and maintain web applications and backend services. Responsibilities include developing RESTful APIs using Django or Flask, writing clean and maintainable Python code, designing database schemas and writing SQL queries, implementing unit tests and integration tests, and participating in code reviews. Experience with version control systems like Git is required."
Business Analyst,"SQL, Excel, Power BI, Tableau, Data Analysis, Requirements Gathering, Communication, Problem Solving, JIRA, Agile",Bachelor's in Business Administration or Related Field,1-3 years,"We are looking for a Business Analyst to bridge the gap between IT and business. The role includes gathering and documenting business requirements, analyzing business processes and workflows, creating reports and dashboards using Power BI or Tableau, facilitating meetings with stakeholders, and supporting Agile development processes. Strong analytical and communication skills are essential."
Software Developer,"Java, Python, JavaScript, React, Node.js, SQL, Git, REST APIs, Agile, Docker",Bachelor's in Computer Science or Software Engineering,1-3 years,"We are seeking a Software Developer to design, code, and modify applications. Responsibilities include developing full-stack web applications, writing clean and efficient code in Java or Python, building responsive front-end interfaces using React, developing backend APIs using Node.js or Django, and participating in Agile sprints. Experience with Docker and CI/CD pipelines is a plus."
Cloud Engineer,"AWS, Azure, Docker, Kubernetes, Terraform, Python, Linux, CI/CD, Networking, Security",Bachelor's in Computer Science or IT,2-4 years,"We are hiring a Cloud Engineer to design and manage cloud infrastructure. The role includes designing and deploying cloud solutions on AWS or Azure, implementing infrastructure as code using Terraform, managing containerized applications with Docker and Kubernetes, setting up CI/CD pipelines, and ensuring security best practices. Strong understanding of networking and Linux administration is required."
Full Stack Developer,"JavaScript, React, Node.js, Python, SQL, MongoDB, HTML, CSS, Git, REST APIs, TypeScript",Bachelor's in Computer Science or Related Field,1-3 years,"We are looking for a Full Stack Developer to build end-to-end web applications. Responsibilities include developing responsive front-end interfaces using React, building backend services with Node.js or Python, designing and managing databases using SQL and MongoDB, implementing RESTful APIs, and writing unit and integration tests. Experience with TypeScript and modern JavaScript frameworks is preferred."
